{
    "AS_Button_ge0ad1cc07174573a60d7c2ed6c60636": {
        "id": "AS_Button_ge0ad1cc07174573a60d7c2ed6c60636",
        "type": "ACTION_SEQUENCE",
        "params": [{
            "datatype": "collection",
            "name": "eventobject"
        }],
        "contextObj": {
            "name": "frmHome",
            "type": "forms",
            "platform": "",
            "KUID": "e07e1d02519b47389a759bb1174e61af"
        },
        "language": "js",
        "actions": [{
            "id": "MOVE_ACTION____e80278dbb4a0446c970bc90dca78687d",
            "type": "MOVE_ACTION",
            "itemType": "FORM",
            "itemId": "frmHome",
            "widgetId": "FlexContainerPan",
            "itemKUID": "e07e1d02519b47389a759bb1174e61af",
            "widgetKUID": "db8447435b5b4bcb9efc843007a7880d",
            "wType": "FlexContainer",
            "animationObject": {
                "top": "0px",
                "left": "0dp",
                "anchorPoint": {},
                "stepConfig": {
                    "timingFunction": "kony.anim.EASE"
                },
                "rectified": true
            },
            "config": {
                "delay": "0",
                "iterationCount": 1,
                "fillMode": "kony.anim.FILL_MODE_FORWARDS",
                "duration": "250",
                "direction": "kony.anim.DIRECTION_NONE"
            },
            "start": "Immediately",
            "animationId": "MOVE_ACTION____e80278dbb4a0446c970bc90dca78687d",
            "displayAnimationId": "MOVE_ACTION____e80278dbb4a0446c970bc90dca78687d",
            "forkedPlatform": "all",
            "parentId": null,
            "callbackType": null,
            "widgetPath": "frmHome.FlexContainerPan"
        }]
    }
}