{
    "AS_Form_c4303ed698814871af8a170a73397cf7": {
        "id": "AS_Form_c4303ed698814871af8a170a73397cf7",
        "type": "ACTION_SEQUENCE",
        "params": [{
            "datatype": "collection",
            "name": "eventobject"
        }],
        "contextObj": {
            "name": "frmHome",
            "type": "forms",
            "platform": "",
            "KUID": "e07e1d02519b47389a759bb1174e61af"
        },
        "language": "js",
        "actions": [{
            "id": "INVOKE_FUNCTION___aba342eaa04a4e89a1a91135cf282ad1",
            "type": "INVOKE_FUNCTION",
            "sequenceKUID": "panges",
            "display": "panges",
            "inputparams": [],
            "parentId": null,
            "callbackType": null,
            "disabled": null,
            "source": "module"
        }]
    }
}