{
    "@class": "com.kony.gen.viz.model.component.KVizButton",
    "DNDConfig": null,
    "__parentReadjusting__": false,
    "_height_": {
        "type": "string",
        "value": "50dp"
    },
    "_left_": {
        "type": "string",
        "value": "0dp"
    },
    "_margin_": [
        6,
        6,
        6,
        6
    ],
    "_padding_": [
        0,
        0,
        0,
        0
    ],
    "_skin_": "se6852fc87b74b95aedf1fdc78db3962",
    "_text_": "Button",
    "_top_": {
        "type": "string",
        "value": "0dp"
    },
    "_width_": {
        "type": "string",
        "value": "260dp"
    },
    "canUpdateUI": true,
    "containerId": true,
    "containerweight": 100,
    "contentalignment": 5,
    "displaytext": true,
    "focusskin": "sd0472cb7625409fae7bf94ea019fe86",
    "id": "Button0gfe129f2b3a441",
    "info": null,
    "isSegmentChild": true,
    "isvisible": true,
    "kuid": "h39e5806adec42a49a898ef1351163d8",
    "name": "kony.ui.Button",
    "parent": "FBox0cd48d585cadd45",
    "pf": "FBox0cd48d585cadd45",
    "wType": "Button",
    "zindex": 1
}