{
    "DNDConfig": null,
    "_height_": {
        "type": "string",
        "value": "40dp"
    },
    "_margin_": [
        0,
        0,
        0,
        0
    ],
    "_orientation_": 6,
    "_padding_": [
        0,
        0,
        0,
        0
    ],
    "_percent_": true,
    "_width_": {
        "type": "string",
        "value": "100%"
    },
    "allboxes": [],
    "canUpdateUI": true,
    "children": [
        "Button0gfe129f2b3a441"
    ],
    "clipbounds": false,
    "containerId": true,
    "containerweight": 100,
    "enablescrolling": true,
    "id": "FBox0cd48d585cadd45",
    "info": null,
    "isGeneratedTemplate": true,
    "isTemplate": true,
    "isvisible": true,
    "kuid": "hce563681a904774a249ab3e9eee1d37",
    "layouttype": 2,
    "name": "kony.ui.FlexContainer",
    "pf": "FBox0cd48d585cadd45",
    "snapgridsize": 10,
    "snaptogrid": true,
    "wType": "FlexContainer",
    "widgetalignment": 1
}