{
    "appidkey": "KonyGit",
    "mwaddrkey": "",
    "isNewAppWithRespectToAndroidPackageName": "",
    "defaulttheme": "defaultTheme",
    "apppackagekey": "",
    "appaddrkey": "",
    "nativeContainerProperties": {
        "isModified": false,
        "isEnableJSContainer": false,
        "isEnableJSContainerAndroid": false,
        "isEnableJSContaineriOS": false
    },
    "appnamekey": "SlideMenuPan",
    "currentgaversion": "7.3.0.21",
    "appversionkey": "1.0.0",
    "project.type": "js",
    "startupformkey": "frmHome",
    "vendornamekey": "KonyLabs",
    "createdgaversion": "7.3.0.21",
    "konyVizVersion": "7.3.0.21",
    "isDpScaleFactor": true,
    "isMVC": false,
    "referenceWidth": "375",
    "winmobileguidkey": "",
    "APPLICATION_THEME": "default",
    "build": "debug",
    "mastersProperties": {
        "mastersVersion": "2.0.0"
    },
    "appmenu": {
        "tablet": {
            "data": [
                {
                    "windows8": {
                        "appBarButtonStyle": "No Style",
                        "position": "BOTTOM_LEFT"
                    },
                    "android": {
                        "showAsFlag": 0
                    },
                    "kuid": "i4d4a77ec4c7488386699dffa359af5d",
                    "icon": {
                        "default": "option1.png"
                    },
                    "id": "appmenuitemid1",
                    "title": "Item 1"
                },
                {
                    "windows8": {
                        "appBarButtonStyle": "No Style",
                        "position": "BOTTOM_LEFT"
                    },
                    "android": {
                        "showAsFlag": 0
                    },
                    "kuid": "jf4067b0739a4469becfbef984ddca66",
                    "icon": {
                        "default": "option2.png"
                    },
                    "id": "appmenuitemid2",
                    "title": "Item 2"
                },
                {
                    "windows8": {
                        "appBarButtonStyle": "No Style",
                        "position": "BOTTOM_LEFT"
                    },
                    "android": {
                        "showAsFlag": 0
                    },
                    "kuid": "ba7b337c3ad044309b464b67c339af9c",
                    "icon": {
                        "default": "option3.png"
                    },
                    "id": "appmenuitemid3",
                    "title": "Item 3"
                },
                {
                    "windows8": {
                        "appBarButtonStyle": "No Style",
                        "position": "BOTTOM_LEFT"
                    },
                    "android": {
                        "showAsFlag": 0
                    },
                    "kuid": "f8c7ac8d3b22495485148a67bae31efc",
                    "icon": {
                        "default": "option4.png"
                    },
                    "id": "appmenuitemid4",
                    "title": "Item 4"
                }
            ]
        },
        "desktop": {
            "data": [
                {
                    "kuid": "fefc2014761841fd90f10f7d006a7b0a",
                    "icon": {
                        "default": "option1.png"
                    },
                    "id": "appmenuitemid1",
                    "title": "Item 1"
                },
                {
                    "kuid": "jf9f0a8ca66c4348b174c0f306a5770b",
                    "icon": {
                        "default": "option2.png"
                    },
                    "id": "appmenuitemid2",
                    "title": "Item 2"
                },
                {
                    "kuid": "f1569b7ea21243f88d81354f0f68fb20",
                    "icon": {
                        "default": "option3.png"
                    },
                    "id": "appmenuitemid3",
                    "title": "Item 3"
                },
                {
                    "kuid": "gbaa324019e64e9bb8574f7380d87f96",
                    "icon": {
                        "default": "option4.png"
                    },
                    "id": "appmenuitemid4",
                    "title": "Item 4"
                }
            ]
        },
        "focusskin": null,
        "osVersion": "iOS7",
        "wType": "Appmenu",
        "focusSkin": null,
        "mobile": {
            "data": [
                {
                    "kuid": "b529a142a93745bdbbdb1ea6c972b3d9",
                    "android": {
                        "showAsFlag": 0
                    },
                    "icon": {
                        "default": "option1.png"
                    },
                    "id": "appmenuitemid1",
                    "title": "Item 1"
                },
                {
                    "kuid": "e39e43333a56481da4e4e7bea58b9e81",
                    "android": {
                        "showAsFlag": 0
                    },
                    "icon": {
                        "default": "option2.png"
                    },
                    "id": "appmenuitemid2",
                    "title": "Item 2"
                },
                {
                    "kuid": "ce7a3127dc2b4c1eb425df46a783e507",
                    "android": {
                        "showAsFlag": 0
                    },
                    "icon": {
                        "default": "option3.png"
                    },
                    "id": "appmenuitemid3",
                    "title": "Item 3"
                },
                {
                    "kuid": "ae719e1f6dc442ea93a4dac1a0f6c582",
                    "android": {
                        "showAsFlag": 0
                    },
                    "icon": {
                        "default": "option4.png"
                    },
                    "id": "appmenuitemid4",
                    "title": "Item 4"
                }
            ]
        },
        "skin": null,
        "osPlatform": ""
    },
    "project_version": "sprint27",
    "mwportkey": "",
    "category": "app",
    "createdVizVersion": "7.3.0.21",
    "mwhttpsportkey": "",
    "wap_bb400_fontsize": "14",
    "wap_bb360_fontsize": "13",
    "wap_spawindowstab_fontsize": "17",
    "wap_android360_fontsize": "13",
    "isA11yConfigEnabled": false,
    "wap_android440_fontsize": "15",
    "wap_android400_fontsize": "14",
    "wap_spaandroidtabhdpi_fontsize": "18",
    "cordovaVersionInfo": {
        "useGlobalCordova": false
    },
    "wap_bb320_fontsize": "15",
    "enableCordova": false,
    "wap_bb240_fontsize": "12",
    "enableIdForAutomation": false,
    "desktopwebbasefontsize": "16",
    "wap_android240_fontsize": "10",
    "wap_spaandroidtabldpi_fontsize": "14",
    "wap_spaandroidtabmdpi_fontsize": "16",
    "wap_bb480_fontsize": "17",
    "wap_winphone480_fontsize": "12",
    "wap_android640_fontsize": "19",
    "wap_android320_fontsize": "12",
    "wap_spaandroidtab_fontsize": "17",
    "wap_android480_fontsize": "16",
    "wap_winphone320_fontsize": "12",
    "wap_spaipad_fontsize": "17",
    "wap_ip_fontsize": "12",
    "wap_bb440_fontsize": "15",
    "watchos_shortlooknotificationicon_42": "",
    "statusBarHidden": "false",
    "watchos_longlooknotificationicon_42": "",
    "watchos_companionSettings3x29": "",
    "watchos_homeScreen40": "",
    "watchos_companionSettings2x29": "",
    "watchos_shortlooknotificationicon_38": "",
    "watchos_notificationcentericon_38": "",
    "watchos_notificationcentericon_42": "",
    "watchos_watchMarketing1x": "",
    "enableactionbar": false
}