{
    "@class": "com.kony.gen.viz.model.component.KVizButton",
    "DNDConfig": null,
    "__parentReadjusting__": false,
    "_height_": {
        "type": "string",
        "value": "50dp"
    },
    "_left_": {
        "type": "string",
        "value": "0dp"
    },
    "_margin_": [
        6,
        6,
        6,
        6
    ],
    "_padding_": [
        0,
        0,
        0,
        0
    ],
    "_skin_": "sc41ea10656649fb9c5b0aaab29b886e",
    "_text_": "=",
    "_top_": {
        "type": "string",
        "value": "0dp"
    },
    "_width_": {
        "type": "string",
        "value": "50dp"
    },
    "canUpdateUI": true,
    "containerweight": 100,
    "contentalignment": 5,
    "displaytext": true,
    "focusskin": "sd0472cb7625409fae7bf94ea019fe86",
    "id": "ButtonM",
    "ide_onClick": "AS_Button_ge0ad1cc07174573a60d7c2ed6c60636",
    "info": null,
    "isvisible": true,
    "kuid": "ee15bb7d4a694b7abe8263d94800c17a",
    "name": "kony.ui.Button",
    "parent": "frmHome",
    "pf": "frmHome",
    "wType": "Button",
    "zindex": 1
}