{
    "@class": "com.kony.gen.viz.model.container.KVizSegment2",
    "DNDConfig": null,
    "__parentReadjusting__": false,
    "_data_": [
        {
            "Button0gfe129f2b3a441": {
                "@class": "com.viz.ide.model.segment.SimpleTextSegmentData",
                "text": "Home"
            }
        },
        {
            "Button0gfe129f2b3a441": {
                "@class": "com.viz.ide.model.segment.SimpleTextSegmentData",
                "text": "Office"
            }
        },
        {
            "Button0gfe129f2b3a441": {
                "@class": "com.viz.ide.model.segment.SimpleTextSegmentData",
                "text": "About Us"
            }
        },
        {
            "Button0gfe129f2b3a441": {
                "@class": "com.viz.ide.model.segment.SimpleTextSegmentData",
                "text": "Menu"
            }
        },
        {
            "Button0gfe129f2b3a441": {
                "@class": "com.viz.ide.model.segment.SimpleTextSegmentData",
                "text": "Games"
            }
        },
        {
            "Button0gfe129f2b3a441": {
                "@class": "com.viz.ide.model.segment.SimpleTextSegmentData",
                "text": "Tv"
            }
        },
        {
            "Button0gfe129f2b3a441": {
                "@class": "com.viz.ide.model.segment.SimpleTextSegmentData",
                "text": "Add"
            }
        },
        {
            "Button0gfe129f2b3a441": {
                "@class": "com.viz.ide.model.segment.SimpleTextSegmentData",
                "text": "Remote"
            }
        },
        {
            "Button0gfe129f2b3a441": {
                "@class": "com.viz.ide.model.segment.SimpleTextSegmentData",
                "text": "Calculate"
            }
        }
    ],
    "_height_": {
        "type": "string",
        "value": "100%"
    },
    "_indicator_": "none",
    "_left_": {
        "type": "string",
        "value": "0dp"
    },
    "_margin_": [
        0,
        0,
        0,
        0
    ],
    "_orientation_": 2,
    "_padding_": [
        0,
        0,
        0,
        0
    ],
    "_top_": {
        "type": "string",
        "value": "0dp"
    },
    "_width_": {
        "type": "string",
        "value": "100%"
    },
    "autogrowmode": 0,
    "canUpdateUI": true,
    "containerweight": 100,
    "counter": "08",
    "focusedindex": null,
    "focuseditem": null,
    "generatedtemplate": "hce563681a904774a249ab3e9eee1d37",
    "groupcells": false,
    "hasSections": false,
    "id": "Segment0a5dec03206a143",
    "info": null,
    "ipad": {
        "psp": {
            "indicator": "rowselect"
        }
    },
    "iphone": {
        "psp": {
            "indicator": "rowselect"
        }
    },
    "isvisible": true,
    "kuid": "i474ce667fcd4078a6859661943f52d3",
    "masterdata": {},
    "name": "kony.ui.SegmentedUI2",
    "needpageindicator": true,
    "pageoffdotimage": "pageoffdot.png",
    "pageondotimage": "pageondot.png",
    "paginationconfig": {
        "position": "bottom"
    },
    "parent": "FlexContainerPan",
    "pf": "frmHome",
    "retainselection": false,
    "rowTemplateId": "hce563681a904774a249ab3e9eee1d37",
    "rowcounter": 8,
    "rowfocusskin": "scab40dba10842f99ebc00d5565d9a16",
    "rowskin": "s78c9addc86a4e28992824aaa81b53c6",
    "rowtemplate": "FBox0cd48d585cadd45",
    "screenlevelwidget": false,
    "seccounter": 0,
    "sectionheaderskin": "s172649ee443427590d64b30263a4626",
    "selectedRows": null,
    "selectedState": false,
    "selectedindex": null,
    "selectedindices": null,
    "selecteditems": null,
    "selectedsectionindex": 0,
    "selectionbehavior": "default",
    "separatorcolor": "64646400",
    "separatorrequired": true,
    "separatorthickness": 1,
    "showscrollbars": false,
    "viewtype": "tableview",
    "wType": "Segment",
    "widgetalignment": 5,
    "widgetdatamap": {
        "Button0gfe129f2b3a441": "Button0gfe129f2b3a441"
    },
    "zindex": 1
}